id,type,emne,navn,beskrivelse,avhenger_av,hjelpemiddel,instruks
sammensatt-maleenhet-begrep-9,begrep,Måling,Sammensatte måleenheter,"Eleven vet at en sammensatt måleenhet (f.eks. km/h, kr/kg eller personer/km²) uttrykker forholdet mellom to størrelser, og kan lese av hva enheten forteller.",,,
regne-med-sammensatte-enheter,ferdighet,Måling,Regne ut en sammensatt størrelse,"Eleven kan regne ut en sammensatt størrelse (f.eks. fart, tetthet eller pris per enhet) når de to grunnleggende størrelsene er kjent.",sammensatt-maleenhet-begrep-9,,"Gi eleven to grunnleggende størrelser fra en praktisk situasjon (f.eks. en strekning og en tid, eller en masse og et volum) og be dem regne ut den sammensatte størrelsen (fart, tetthet), og forklare hva svaret betyr."
omregne-mellom-enheter-i-sammensatt-storrelse,ferdighet,Måling,Regne om enheter før en sammensatt beregning,"Eleven kan gjøre om mellom ulike måleenheter (f.eks. minutter og timer, eller gram og kilogram) før en sammensatt størrelse regnes ut, slik at enhetene stemmer overens.",regne-med-sammensatte-enheter,,"Gi eleven en praktisk situasjon der størrelsene er oppgitt i enheter som ikke passer direkte sammen (f.eks. en strekning i meter og en tid i minutter, der svaret skal være i km/h), og be dem gjøre om enhetene riktig før de regner ut den sammensatte størrelsen."
lage-og-lose-praktisk-problem-sammensatt-enhet,ferdighet,Måling,Lage og løse et sammensatt problem med måleenheter,"Eleven kan lage og løse et sammensatt, praktisk problem som krever flere regnesteg med sammensatte måleenheter, og vurdere om svaret er rimelig.",omregne-mellom-enheter-i-sammensatt-storrelse,,"Gi eleven en åpen, praktisk situasjon som krever flere steg og enhetsomregninger (f.eks. å sammenligne strømforbruket til to apparater over en gitt periode, eller regne ut hvor lang tid en tur tar gitt en gjennomsnittsfart og noen stopp), og be dem løse problemet og begrunne hvert steg."
kvadratrot-repetisjon-9,begrep,Geometri,Kvadratrøtter,"Eleven vet hva en kvadratrot er, og kan regne ut eller anslå kvadratroten av et tall for hånd - grunnlaget for Pytagoras' læresetning.",,,
vinkel-begrep,begrep,Geometri,Vinkel,"Eleven vet hva en vinkel er og hvordan den måles i grader, og kan sammenligne størrelsen på ulike vinkler.",,,
egenskaper-2d-figurer,begrep,Geometri,Egenskaper ved todimensjonale figurer,"Eleven kan beskrive egenskaper ved ulike todimensjonale figurer (f.eks. sider, vinkler, diagonaler og symmetri) og bruke disse til å klassifisere figurene.",vinkel-begrep,,
formlikhet-begrep,begrep,Geometri,Formlikhet,"Eleven vet hva det vil si at to figurer er formlike: de har samme form, like vinkler og et konstant forhold mellom tilsvarende sider.",egenskaper-2d-figurer;vinkel-begrep,,
kongruens-begrep,begrep,Geometri,Kongruens,"Eleven vet hva det vil si at to figurer er kongruente (helt like, samme form og størrelse), og hvordan dette skiller seg fra formlikhet.",formlikhet-begrep,,
trekanttyper-vinkel-begrep,begrep,Geometri,Trekanttyper etter vinkler,"Eleven vet hvordan en trekant klassifiseres som rettvinklet, spissvinklet eller buttvinklet ut fra størrelsen på vinklene, og kan kjenne igjen hver type.",vinkel-begrep,,
avgjore-formlikhet-kongruens,ferdighet,Geometri,Avgjøre om figurer er formlike eller kongruente,"Eleven kan avgjøre og begrunne om to gitte figurer er formlike, kongruente, eller ingen av delene.",kongruens-begrep,,"Vis eleven flere par av figurer (noen formlike, noen kongruente, noen ingen av delene, med sidelengder og/eller vinkler oppgitt) og be dem avgjøre hvilken kategori hvert par tilhører, og begrunne svaret med hva som er likt og ulikt."
bruke-formlikhet-til-ukjent-lengde,ferdighet,Geometri,Bruke formlikhet til å finne en ukjent lengde,"Eleven kan bruke formlikhet (forholdet mellom tilsvarende sider) til å regne ut en ukjent lengde i en praktisk situasjon, f.eks. skalering av et bilde eller høydemåling ved hjelp av skygger.",avgjore-formlikhet-kongruens,,"Gi eleven en praktisk situasjon med to formlike figurer der noen mål er kjent og én lengde er ukjent (f.eks. et fotografi som skal forstørres til en gitt bredde, eller høyden på et tre funnet ved å sammenligne skyggen med skyggen til en kjent stav), og be dem sette opp forholdet og finne den ukjente lengden."
pytagoras-begrep,begrep,Geometri,Pytagoras' læresetning,"Eleven kjenner Pytagoras' læresetning (a² + b² = c² i en rettvinklet trekant, der c er hypotenusen) og vet hvilken side som er hypotenusen.",kvadratrot-repetisjon-9;trekanttyper-vinkel-begrep,,
bruke-pytagoras-til-ukjent-side,ferdighet,Geometri,Bruke Pytagoras til å finne en ukjent side,"Eleven kan bruke Pytagoras' læresetning til å regne ut en ukjent side i en rettvinklet trekant i en praktisk situasjon.",pytagoras-begrep,,"Gi eleven en praktisk, rettvinklet situasjon (f.eks. en stige mot en vegg, eller en snarvei over et rektangulært jorde) med to kjente lengder, og be dem bruke Pytagoras' læresetning til å finne den tredje lengden."
bruke-pytagoras-og-formlikhet-sammen,ferdighet,Geometri,Kombinere Pytagoras og formlikhet,"Eleven kan kombinere Pytagoras' læresetning og formlikhet til å løse en sammensatt, praktisk problemstilling.",bruke-pytagoras-til-ukjent-side;bruke-formlikhet-til-ukjent-lengde,,"Gi eleven en sammensatt praktisk situasjon der både formlikhet og Pytagoras trengs (f.eks. to formlike, rettvinklede trekanter der bare noen mål i den ene er kjent), og be dem løse oppgaven steg for steg og forklare hvilket verktøy de bruker når."
undersoke-sammenhenger-sidelengder-trekant,ferdighet,Geometri,Utforske sammenhenger mellom sidelengder i en trekant,"Eleven kan utforske, beskrive og argumentere for sammenhenger mellom sidelengdene i en trekant, f.eks. at summen av to sider alltid må være større enn den tredje, eller hvordan man kan avgjøre om en trekant er rettvinklet ut fra sidelengdene.",pytagoras-begrep,,"Gi eleven tre sidelengder og be dem avgjøre om de kan danne en trekant, og eventuelt om trekanten er rettvinklet, butt- eller spissvinklet - basert på sammenhengen mellom kvadratene av sidelengdene. Be dem begrunne svaret, ikke bare tegne."
endre-forutsetning-geometrisk-praktisk,ferdighet,Geometri,Endre en forutsetning i et geometrisk problem,"Eleven kan utforske og forklare hvordan det å endre en forutsetning i et geometrisk problem (f.eks. en lengde eller en vinkel) påvirker løsningen, praktisk og med konkrete tall.",bruke-pytagoras-til-ukjent-side,,"Gi eleven et løst geometrisk problem (f.eks. lengden på en stige mot en vegg) og be dem regne ut på nytt hva som skjer med svaret hvis én forutsetning endres (f.eks. avstanden fra veggen økes med 50 cm), og forklare hvorfor svaret endrer seg som det gjør."
algebraisk-uttrykk-repetisjon-9,begrep,Geometri,Variabler og algebraiske uttrykk,"Eleven vet hva en variabel og et algebraisk uttrykk er, og kan sette opp og forenkle et enkelt uttrykk med tall, variabler og konstanter.",,,
endre-forutsetning-geometrisk-algebraisk,ferdighet,Geometri,Uttrykke en geometrisk endring algebraisk,"Eleven kan uttrykke hvordan en løsning i et geometrisk problem endres algebraisk når en forutsetning erstattes med en variabel, og sette opp et generelt uttrykk for løsningen.",endre-forutsetning-geometrisk-praktisk;algebraisk-uttrykk-repetisjon-9,,"Gi eleven det samme geometriske problemet som i forrige ferdighet, men be dem denne gangen erstatte den forutsetningen som endres med en variabel (f.eks. avstanden fra veggen kalt x), og sette opp et algebraisk uttrykk for den ukjente lengden som funksjon av x."
overflate-volum-formel-begrep,begrep,Geometri,Formler for overflateareal og volum,"Eleven vet at formler for overflateareal og volum av tredimensjonale figurer (f.eks. prisme, sylinder, kule, kjegle og pyramide) kobler sammen figurens mål med arealet eller volumet.",,,
bruke-formel-overflate-volum,ferdighet,Geometri,Bruke og begrunne formler for overflateareal og volum,"Eleven kan bruke og argumentere for formler for overflateareal og volum til å regne ut disse størrelsene for ulike tredimensjonale figurer.",overflate-volum-formel-begrep,,"Gi eleven målene til en tredimensjonal figur (f.eks. radius og høyde på en sylinder, eller kantlengden på en kube) og be dem regne ut overflatearealet og volumet, og kort begrunne hvorfor formelen de bruker gir riktig areal eller volum."
sammensatt-3d-figur-volum-overflate,ferdighet,Geometri,Regne ut volum og overflate av en sammensatt figur,"Eleven kan regne ut volum og overflateareal av en sammensatt tredimensjonal figur satt sammen av kjente delfigurer.",bruke-formel-overflate-volum,,"Gi eleven en beskrivelse eller skisse av en sammensatt gjenstand (f.eks. et hus formet som et prisme med en pyramide som tak, eller en beholder formet som en sylinder med en halvkule i bunnen), med nok mål, og be dem regne ut det totale volumet og eventuelt overflatearealet ved å dele figuren opp i kjente delfigurer."
statistisk-fremstilling-begrep,begrep,Statistikk og sannsynlighet,Statistiske framstillinger,"Eleven vet hvilke typer statistiske framstillinger (søylediagram, linjediagram, sektordiagram og lignende) som finnes, og når hver av dem er egnet.",,,
tolke-statistisk-fremstilling-media,ferdighet,Statistikk og sannsynlighet,Tolke og vurdere en statistisk framstilling fra media,"Eleven kan tolke og kritisk vurdere en statistisk framstilling hentet fra media eller lokalsamfunnet, og vurdere om den gir et rettferdig bilde av dataene.",statistisk-fremstilling-begrep,,"Vis eleven en statistisk framstilling hentet fra en avisartikkel eller en lignende kilde (eller en konstruert framstilling som ligner), og be dem forklare hva framstillingen viser, og vurdere om noe ved den (f.eks. valg av skala, tidsperiode eller diagramtype) kan gi et misvisende inntrykk."
sentralmal-begrep,begrep,Statistikk og sannsynlighet,Sentralmål,"Eleven vet hva gjennomsnitt, median og typetall (modus) er, og hva hvert av dem forteller om et datasett.",,,
spredningsmal-begrep,begrep,Statistikk og sannsynlighet,Spredningsmål,"Eleven vet hva variasjonsbredde er, og hva den forteller om spredningen i et datasett.",sentralmal-begrep,,
regne-ut-sentralmal-og-spredningsmal,ferdighet,Statistikk og sannsynlighet,Regne ut sentralmål og spredningsmål,"Eleven kan regne ut gjennomsnitt, median, typetall og variasjonsbredde for et eget eller reelt datasett.",spredningsmal-begrep,,"Gi eleven et datasett (f.eks. tall eleven selv har samlet inn i klassen, eller et oppgitt datasett) og be dem regne ut gjennomsnitt, median, typetall og variasjonsbredde, og vise utregningen for hvert mål."
bruke-sentralmal-til-a-beskrive-data,ferdighet,Statistikk og sannsynlighet,Bruke sentralmål og spredningsmål til å sammenligne to grupper,"Eleven kan bruke sentralmål og spredningsmål til å beskrive og sammenligne to datasett (f.eks. to grupper), og forklare hva forskjellene mellom dem betyr.",regne-ut-sentralmal-og-spredningsmal,,"Gi eleven to datasett som kan sammenlignes (f.eks. resultater fra to klasser, eller to grupper), be dem regne ut sentralmål og spredningsmål for begge, og skrive en kort sammenligning av hva tallene forteller om forskjellen mellom gruppene."
argumentere-med-tallframstilling,ferdighet,Statistikk og sannsynlighet,Argumentere med statistiske framstillinger,"Eleven kan sammenligne og argumentere for hvordan ulike framstillinger av de samme tallene eller dataene kan brukes til å fremme ulike synspunkter, og gjennomskue en villedende framstilling.",tolke-statistisk-fremstilling-media;bruke-sentralmal-til-a-beskrive-data,,"Gi eleven to ulike diagrammer som viser de samme underliggende dataene, men som er laget for å støtte to motsatte synspunkter (f.eks. ulik akseskala eller ulikt valg av sentralmål), og be dem forklare hvordan hvert diagram prøver å overbevise leseren, og hvilket som gir det mest rettferdige bildet."
sannsynlighet-begrep,begrep,Statistikk og sannsynlighet,Sannsynlighet,"Eleven vet hva sannsynlighet er (et tall mellom 0 og 1, eller mellom 0 % og 100 %, som beskriver hvor sannsynlig en hendelse er), og kjenner komplementregelen: P(ikke A) = 1 - P(A).",,,
utfallsrom-begrep,begrep,Statistikk og sannsynlighet,Utfallsrom,"Eleven vet hva et utfallsrom er (alle mulige utfall av et tilfeldig forsøk), og kan telle opp gunstige og mulige utfall i et gitt utfallsrom.",sannsynlighet-begrep,,
beregne-sannsynlighet-statistikk-spill,ferdighet,Statistikk og sannsynlighet,Beregne sannsynlighet i statistikk og spill,"Eleven kan beregne og vurdere sannsynlighet i statistikk og i spill, blant annet ved å bruke utfallsrom og komplementregelen.",sannsynlighet-begrep;utfallsrom-begrep,,"Gi eleven en situasjon med et kjent utfallsrom (f.eks. terningkast, kortstokk, eller en pose med kuler i ulike farger) og be dem regne ut sannsynligheten for en bestemt hendelse, og for det motsatte av hendelsen ved hjelp av komplementregelen."
uavhengige-hendelser-begrep,begrep,Statistikk og sannsynlighet,Uavhengige hendelser,"Eleven vet hva det vil si at to hendelser er uavhengige (utfallet av den ene påvirker ikke sannsynligheten for den andre), og at sannsynligheten for at flere uavhengige hendelser alle inntreffer finnes ved å multiplisere enkeltsannsynlighetene.",sannsynlighet-begrep;utfallsrom-begrep,,
sannsynlighet-uavhengige-hendelser,ferdighet,Statistikk og sannsynlighet,Beregne sannsynlighet for flere uavhengige hendelser,"Eleven kan beregne sannsynligheten for at to eller flere uavhengige hendelser inntreffer etter hverandre, ved å multiplisere sannsynlighetene (f.eks. ved trekning med tilbakelegging).",beregne-sannsynlighet-statistikk-spill;uavhengige-hendelser-begrep,,"Gi eleven en situasjon med to eller flere uavhengige trekninger (f.eks. å trekke en kule, legge den tilbake, og trekke igjen), og be dem regne ut sannsynligheten for en gitt kombinasjon av utfall ved å multiplisere enkeltsannsynlighetene."
simulere-tilfeldig-forsok-programmering,ferdighet,Statistikk og sannsynlighet,Simulere et tilfeldig forsøk med programmering,"Eleven kan bruke programmering til å simulere utfall i tilfeldige forsøk (f.eks. terningkast eller myntkast), og bruke resultatene til å anslå en sannsynlighet.",sannsynlighet-begrep,,"Gi eleven i oppdrag å skrive et enkelt program som simulerer et tilfeldig forsøk mange ganger (f.eks. 1000 terningkast) ved hjelp av en tilfeldighetsfunksjon, telle opp hvor mange ganger et gitt utfall skjer, og bruke dette til å anslå sannsynligheten. Be dem sammenligne den simulerte sannsynligheten med den teoretiske."
beregne-sannsynlighet-med-programmering,ferdighet,Statistikk og sannsynlighet,Beregne sannsynlighet ved hjelp av programmering,"Eleven kan bruke programmering til å beregne (ikke bare simulere) sannsynligheten for at noe skal inntreffe, f.eks. ved å telle opp gunstige og mulige utfall i kode.",simulere-tilfeldig-forsok-programmering;sannsynlighet-uavhengige-hendelser,,"Gi eleven et problem med et utfallsrom som er stort nok til at det er upraktisk å telle for hånd (f.eks. alle kombinasjoner av to terninger), og be dem skrive et program som går gjennom (eller genererer) alle mulige utfall i kode, teller opp de gunstige, og regner ut sannsynligheten eksakt."
