"id","type","emne","navn","beskrivelse","avhenger_av","hjelpemiddel","instruks"
"fag-modell-og-naturlov","begrep","Fysikk som fag","Modeller og naturlover","Eleven forstår hva en naturvitenskapelig modell er, hva gyldighetsområdet til en modell betyr, og hva som skal til for at en observasjon kan falsifisere en modell eller for at en modell kan kalles en naturlov.","","",""
"fag-hypotese-teori","begrep","Fysikk som fag","Hypotese, teori og naturlov","Eleven kan skille mellom en hypotese, en vitenskapelig teori og en naturlov, og forklare hva som skal til for å gå fra det ene til det andre, eller for å forkaste en hypotese.","fag-modell-og-naturlov","",""
"fag-vurdere-vitenskapelig-pastand","ferdighet","Fysikk som fag","Vurdere om en påstand er vitenskapelig","Eleven kan avgjøre om en påstand er vitenskapelig testbar og falsifiserbar, foreslå hvordan den kan undersøkes, og formulere egne vitenskapelige hypoteser om et gitt fenomen.","fag-modell-og-naturlov;fag-hypotese-teori","","Legg gjerne fram en blanding av åpenbart uvitenskapelige, åpenbart vitenskapelige og grensetilfelle-påstander (f.eks. fra hverdagen, pseudovitenskap eller science fiction), og be eleven begrunne vurderingen i hvert enkelt tilfelle."
"fag-si-enheter","begrep","Fysikk som fag","SI-enheter og størrelser","Eleven kan forklare at en målt størrelse består av måltall og enhet, og kjenner igjen og kan bruke de grunnleggende SI-enhetene og vanlige SI-prefikser.","","",""
"fag-gjeldende-siffer","begrep","Fysikk som fag","Gjeldende siffer","Eleven forstår hva gjeldende siffer er, og kjenner reglene for hvor mange gjeldende siffer og desimaler et svar skal ha ved multiplikasjon/divisjon og addisjon/subtraksjon av målte størrelser.","fag-si-enheter","",""
"fag-regne-gjeldende-siffer","ferdighet","Fysikk som fag","Regne med gjeldende siffer","Eleven kan telle gjeldende siffer og desimaler i et oppgitt måltall, runde svar av riktig etter regneoperasjoner med målte størrelser, og regne om mellom SI-prefikser med riktig presisjon.","fag-gjeldende-siffer","","Varier mellom rene avrundingsoppgaver og oppgaver der eleven selv må regne ut et uttrykk med målte størrelser og oppgi svaret med korrekt antall gjeldende siffer."
"fag-usikkerhet-avvik","begrep","Fysikk som fag","Usikkerhet og avvik","Eleven forstår hvordan avvik beregnes fra en måleserie, hvordan et måleresultat oppgis som gjennomsnitt ± avvik, og hva det vil si at to målinger er kompatible.","fag-si-enheter","",""
"fag-oppgi-resultat-med-usikkerhet","ferdighet","Fysikk som fag","Oppgi måleresultat med usikkerhet","Eleven kan beregne avvik fra en måleserie, oppgi resultatet med usikkerhet, og avgjøre om to eller flere målinger av samme størrelse er kompatible med hverandre.","fag-usikkerhet-avvik","",""
"fag-reproduserbarhet-forsoksdesign","begrep","Fysikk som fag","Reproduserbarhet og forsøksdesign","Eleven forstår hvorfor vitenskapelige forsøk må være reproduserbare, og hva som kjennetegner en god avgrensning og et godt design av en måling eller et forsøk.","fag-usikkerhet-avvik","",""
"fag-planlegge-forsok","ferdighet","Fysikk som fag","Planlegge og gjennomføre et forsøk","Eleven kan planlegge hvordan en gitt størrelse skal måles, velge egnet utstyr og metode, vurdere forventet usikkerhet, og beskrive hvordan forsøket kan avgrenses.","fag-reproduserbarhet-forsoksdesign;fag-usikkerhet-avvik","","Be gjerne eleven planlegge et konkret forsøk fra bunnen av, og still oppfølgingsspørsmål om hvordan valgene ville påvirket usikkerheten."
"fag-trekke-konklusjoner-fra-data","ferdighet","Fysikk som fag","Analysere data og trekke konklusjoner","Eleven kan analysere data fra et forsøk eller en observasjon, vurdere om dataene støtter eller avkrefter en hypotese, og trekke en begrunnet konklusjon.","fag-planlegge-forsok;fag-vurdere-vitenskapelig-pastand","",""
"fag-vurdere-og-lage-modell","ferdighet","Fysikk som fag","Vurdere, bruke og lage modeller","Eleven kan vurdere styrker, svakheter og gyldighetsområdet til en gitt fysisk modell, og lage eller tilpasse en enkel modell for å beskrive eller forutsi et fysisk fenomen.","fag-modell-og-naturlov;fag-trekke-konklusjoner-fra-data","","Dette er en sentral, høyere taksonomisk ferdighet - forvent at eleven både resonnerer kvalitativt om en modells begrensninger og faktisk bruker/justerer en enkel modell på et konkret fenomen, gjerne hentet fra andre deler av faget (bevegelse, energi, stråling e.l.)."
"fag-digitale-verktoy-fysikk","begrep","Fysikk som fag","Digitale verktøy i fysikk","Eleven kan gjøre rede for hvordan programmering, videoanalyse og CAS-/graftegningsverktøy brukes i fysikk til å teste modeller, analysere bevegelse og gjøre beregninger som er upraktiske for hånd.","","",""
"prog-python-grunnfunksjoner","ferdighet","Programmering og numeriske metoder","Skrive en Python-funksjon","Eleven kan skrive og teste en egendefinert Python-funksjon som løser et enkelt fysikkproblem, for eksempel en enhetsomregning.","","","Be eleven faktisk skrive kode (ikke bare beskrive den), og les gjennom koden linje for linje sammen med eleven for å sjekke at logikken er riktig, ikke bare at den gir riktig tall."
"prog-lokker-betingelser","ferdighet","Programmering og numeriske metoder","Bruke løkker og betingelser til å behandle data","Eleven kan bruke for-løkker, range() og if/else-setninger til å behandle en liste med måleverdier eller tall, og kan forklare hva en gitt kodesnutt med løkker/betingelser gjør.","prog-python-grunnfunksjoner","",""
"prog-numpy-listeoperasjoner","ferdighet","Programmering og numeriske metoder","Hente nøkkeltall fra et datasett med numpy","Eleven kan bruke numpy-funksjoner som max, min, mean, sum og size til å hente ut nøkkeltall fra et datasett, som et alternativ til å skrive egne løkker og if-setninger.","prog-lokker-betingelser","",""
"prog-lese-og-plotte-data","ferdighet","Programmering og numeriske metoder","Lese inn og plotte data","Eleven kan lese inn en datafil i Python, lage en graf av dataene med tittel, aksenavn og rutenett, lese av verdier fra grafen, og lage et histogram som viser fordelingen av et datasett.","prog-numpy-listeoperasjoner","",""
"prog-regresjon-funksjonsuttrykk","ferdighet","Programmering og numeriske metoder","Finne funksjonsuttrykk med regresjon på måledata","Eleven kan bruke regresjon på et datasett (for eksempel i Python, GeoGebra eller CAS) til å finne et funksjonsuttrykk som beskriver dataene, og bruke uttrykket videre i beregninger.","prog-lese-og-plotte-data","",""
"prog-numerisk-modellering-varierende-storrelse","ferdighet","Programmering og numeriske metoder","Modellere en varierende størrelse numerisk","Eleven kan skrive et program som regner ut en størrelse steg for steg over et tidsintervall når den ikke er konstant (for eksempel akselerasjon som avhenger av fart), og tolke resultatet.","prog-lokker-betingelser","","Dette er kjernen i kompetansemålet om numeriske metoder og programmering til å modellere bevegelse der akselerasjonen ikke er konstant - la gjerne eleven bygge opp en enkel Eulers metode-aktig løkke fra bunnen."
"prog-utvide-fysikkprogram","ferdighet","Programmering og numeriske metoder","Utvide og teste et fysikkprogram","Eleven kan ta utgangspunkt i et gitt program som modellerer et fysisk fenomen, og utvide det til å undersøke hvordan en endring i en parameter påvirker resultatet, gjerne med en løkke over flere parameterverdier.","prog-numerisk-modellering-varierende-storrelse;prog-regresjon-funksjonsuttrykk","",""
"prog-numerisk-vs-analytisk","begrep","Programmering og numeriske metoder","Numerisk versus analytisk metode","Eleven forstår forskjellen mellom å beregne noe eksakt med en formel og å tilnærme det numerisk med en løkke, og kan forklare når numeriske metoder trengs fordi det ikke finnes en enkel formel.","prog-numerisk-modellering-varierende-storrelse","",""
"bev-posisjon-strekning-banelengde","begrep","Bevegelse","Posisjon, strekning og banelengde","Eleven kan forklare forskjellen mellom posisjonen til en gjenstand, strekningen (forflytningen) den har hatt i et tidsrom, og den totale banelengden den har tilbakelagt.","","",""
"bev-posisjonsgraf-funksjon","begrep","Bevegelse","Posisjonsgraf og posisjonsfunksjon","Eleven kan forklare hva en s-t-graf og en posisjonsfunksjon s(t) viser, og lese av posisjon ved et gitt tidspunkt.","bev-posisjon-strekning-banelengde","",""
"bev-fart-gjennomsnitt-momentan","begrep","Bevegelse","Gjennomsnittsfart og momentanfart","Eleven kan forklare forskjellen mellom gjennomsnittsfart over et tidsintervall og momentanfart som den deriverte av posisjonsfunksjonen.","bev-posisjon-strekning-banelengde","",""
"bev-fartsgraf-funksjon","begrep","Bevegelse","Fartsgraf og fartsfunksjon","Eleven kan forklare hva en v-t-graf og en fartsfunksjon v(t) viser, og lese av fart ved et gitt tidspunkt.","bev-fart-gjennomsnitt-momentan","",""
"bev-akselerasjon-gjennomsnitt-momentan","begrep","Bevegelse","Gjennomsnittsakselerasjon og momentanakselerasjon","Eleven kan forklare forskjellen mellom gjennomsnittsakselerasjon over et tidsintervall og momentanakselerasjon som den deriverte av fartsfunksjonen.","bev-fart-gjennomsnitt-momentan","",""
"bev-bevegelseslikningene","begrep","Bevegelse","Bevegelseslikningene for konstant akselerasjon","Eleven kjenner de fire bevegelseslikningene som knytter sammen strekning, starthastighet, sluttfart, akselerasjon og tid for en rettlinjet bevegelse med konstant akselerasjon.","bev-akselerasjon-gjennomsnitt-momentan","",""
"bev-fritt-fall","begrep","Bevegelse","Fritt fall","Eleven kan forklare hva fritt fall er, og kjenner tyngdeakselerasjonens tilnærmede verdi nær jordoverflaten.","bev-bevegelseslikningene","",""
"bev-regne-bevegelseslikningene","ferdighet","Bevegelse","Regne med bevegelseslikningene","Eleven kan bruke bevegelseslikningene til å finne en ukjent størrelse (strekning, fart, akselerasjon eller tid) for en rettlinjet bevegelse med konstant akselerasjon, med et bevisst valg av positiv retning.","bev-bevegelseslikningene","","Legg vekt på at eleven eksplisitt velger positiv retning før hun/han setter i gang, og pass på at svar oppgis med korrekte enheter og rimelig antall gjeldende siffer."
"bev-utlede-bevegelseslikningene","ferdighet","Bevegelse","Utlede bevegelseslikningene","Eleven kan utlede bevegelseslikningene algebraisk fra definisjonene av gjennomsnittsfart og gjennomsnittsakselerasjon.","bev-bevegelseslikningene","","Dette er en algebraisk utledningsoppgave, ikke en tallregningsoppgave - be eleven vise hvert steg og begrunne det."
"bev-tolke-koeffisienter-bevegelsesfunksjon","ferdighet","Bevegelse","Tolke koeffisienter i en bevegelsesfunksjon","Eleven kan tolke hva koeffisientene i en gitt posisjons- eller fartsfunksjon forteller om starthastighet, startposisjon og akselerasjon, og bruke tolkningen videre i beregninger.","bev-bevegelseslikningene","",""
"bev-lose-fritt-fall-oppgaver","ferdighet","Bevegelse","Løse oppgaver om fritt fall","Eleven kan løse problemer om fritt fall og kast rett opp eller ned, som å finne falltid, maksimal høyde, hastighet ved treff eller starthøyde.","bev-fritt-fall;bev-regne-bevegelseslikningene","",""
"bev-flerfase-bevegelse","ferdighet","Bevegelse","Løse oppgaver om bevegelse med flere faser","Eleven kan løse et sammenhengende problem der en bevegelse består av flere faser med ulik (eller konstant) akselerasjon eller fart etter hverandre.","bev-regne-bevegelseslikningene","",""
"bev-samtidig-bevegelse-flere-objekter","ferdighet","Bevegelse","Analysere samtidig bevegelse til flere objekter","Eleven kan analysere når og hvor to objekter i bevegelse møtes eller tar igjen hverandre, ut fra hver sin posisjons- eller fartsfunksjon.","bev-regne-bevegelseslikningene","",""
"bev-tegne-tolke-bevegelsesgrafer","ferdighet","Bevegelse","Tegne og tolke bevegelsesgrafer","Eleven kan tegne og tolke sammenhengen mellom s-t-, v-t- og a-t-grafer for samme bevegelse, og skissere en av grafene når en annen er gitt.","bev-posisjonsgraf-funksjon;bev-fartsgraf-funksjon;bev-bevegelseslikningene","",""
"bev-numerisk-fart-akselerasjon-fra-data","ferdighet","Bevegelse","Finne fart og akselerasjon numerisk fra data","Eleven kan bruke video- eller måledata for posisjon til å beregne fart og akselerasjon numerisk i små tidsintervaller, og vurdere usikkerheten i resultatet.","bev-fart-gjennomsnitt-momentan;bev-akselerasjon-gjennomsnitt-momentan;prog-lese-og-plotte-data","",""
"bev-regresjon-bevegelsesfunksjon","ferdighet","Bevegelse","Finne bevegelsesfunksjon med regresjon på data","Eleven kan bruke regresjon på måledata for posisjon til å finne et funksjonsuttrykk, og derivere det for å finne fartsfunksjonen.","bev-bevegelseslikningene;prog-regresjon-funksjonsuttrykk","",""
"bev-reaksjonstid-bremselengde","ferdighet","Bevegelse","Løse oppgaver om reaksjonstid og bremselengde","Eleven kan løse et sammensatt kinematikkproblem som kombinerer reaksjonstid og bremselengde, for eksempel i en trafikksituasjon.","bev-regne-bevegelseslikningene","",""
"bev-vurdere-fritt-fall-som-modell","ferdighet","Bevegelse","Vurdere fritt fall som modell","Eleven kan vurdere om fritt fall er en rimelig modell i en gitt situasjon, og forklare hvilke vilkår som må være oppfylt for at modellen skal holde.","bev-fritt-fall;fag-vurdere-og-lage-modell","",""
"bev-begrunne-fortegn-bevegelse","ferdighet","Bevegelse","Begrunne fortegn og retningsvalg","Eleven kan forklare hvordan valg av positiv retning påvirker fortegnene i en bevegelseslikning, og tolke løsningene av en andregradslikning i en kinematikkoppgave, inkludert hva en eventuell ekstra løsning betyr.","bev-regne-bevegelseslikningene","",""
"bev-drofte-og-beskrive-bevegelse","ferdighet","Bevegelse","Beskrive og sammenligne bevegelse","Eleven kan beskrive en bevegelse med ord ut fra en graf, sammenligne fart og akselerasjon mellom ulike faser eller datasett, og begrunne kvalitative påstander om bevegelsen.","bev-tegne-tolke-bevegelsesgrafer","",""
"kraft-som-vektor","begrep","Krefter","Kraft som vektorstørrelse","Eleven kan forklare at en kraft virker på et legeme fra et annet legeme, kan endre bevegelsen eller formen til legemet, og har både størrelse og retning.","krefter-vektor-generelt","",""
"kraft-kontakt-fjernkrefter","begrep","Krefter","Kontaktkrefter og fjernkrefter","Eleven kan forklare forskjellen mellom kontaktkrefter (som virker mellom legemer i berøring) og fjernkrefter (som virker over avstand), med eksempler på hver.","kraft-som-vektor","",""
"kraft-newtons-1-lov","begrep","Krefter","Newtons 1. lov","Eleven kan gjøre rede for Newtons 1. lov: at et legeme blir værende i ro eller beveger seg med konstant fart hvis og bare hvis summen av kreftene på det er null.","kraft-som-vektor","",""
"kraft-newtons-2-lov","begrep","Krefter","Newtons 2. lov","Eleven kan gjøre rede for Newtons 2. lov: at summen av kreftene på et legeme er lik massen ganger akselerasjonen.","kraft-som-vektor","",""
"kraft-newtons-3-lov","begrep","Krefter","Newtons 3. lov","Eleven kan gjøre rede for Newtons 3. lov: at når en kraft virker på legeme B fra legeme A, virker det en like stor, motsatt rettet kraft på A fra B.","kraft-som-vektor","",""
"kraft-gravitasjonskraft","begrep","Krefter","Gravitasjonskraft","Eleven kan forklare at gravitasjonskraften på et legeme nær jordoverflaten er rettet mot jordas sentrum og har størrelse lik massen ganger tyngdeakselerasjonen.","kraft-newtons-2-lov","",""
"kraft-friksjon","begrep","Krefter","Friksjon","Eleven kan forklare forskjellen mellom hvilefriksjon og glidefriksjon, og kjenner sammenhengen mellom glidefriksjonskraft, friksjonstall og normalkraft.","kraft-kontakt-fjernkrefter;kraft-normalkraft","",""
"kraft-luftmotstand-terminalfart","begrep","Krefter","Luftmotstand og terminalfart","Eleven kan forklare at luftmotstand på et legeme i fart ofte er proporsjonal med farten i andre potens, og hva som menes med terminalfart.","kraft-newtons-2-lov","",""
"kraft-indre-ytre-krefter","begrep","Krefter","Indre og ytre krefter i et sammensatt system","Eleven kan skille mellom indre krefter (mellom deler av et sammensatt system, som to klosser bundet sammen) og ytre krefter (fra omgivelsene på hele systemet).","kraft-newtons-3-lov","",""
"kraft-newtons-2-lov-enkeltlegeme","ferdighet","Krefter","Sette opp og løse Newtons 2. lov for ett legeme","Eleven kan sette opp og løse Newtons 2. lov for et enkeltlegeme for å finne en ukjent kraft, masse eller akselerasjon.","kraft-newtons-2-lov;kraft-gravitasjonskraft","",""
"kraft-frilegemediagram","ferdighet","Krefter","Tegne frilegemediagram","Eleven kan tegne et frilegemediagram som viser alle kreftene på et legeme eller et sammensatt system, og skille ytre krefter fra indre krefter.","kraft-indre-ytre-krefter;kraft-newtons-2-lov-enkeltlegeme","",""
"kraft-newtons-2-lov-sammensatt-system","ferdighet","Krefter","Sette opp og løse Newtons 2. lov for sammensatte systemer","Eleven kan sette opp og løse Newtons 2. lov for et system av flere legemer bundet sammen med snor eller tau, med eller uten trinse og friksjon, og finne felles akselerasjon og krefter mellom delene.","kraft-frilegemediagram;kraft-snordrag-trinse","",""
"kraft-friksjonsberegninger","ferdighet","Krefter","Regne ut friksjonskraft og friksjonstall","Eleven kan regne ut friksjonskraft og friksjonstall, og avgjøre om et legeme blir liggende i ro eller begynner å gli gitt en påført kraft.","kraft-friksjon;kraft-newtons-2-lov-enkeltlegeme;kraft-normalkraft","",""
"kraft-luftmotstandsberegninger","ferdighet","Krefter","Regne med luftmotstand","Eleven kan regne med luftmotstandsformelen L=kv², bestemme luftmotstandskoeffisienten k fra en oppgitt terminalfart, og undersøke hvordan masse og k påvirker terminalfarten.","kraft-luftmotstand-terminalfart","",""
"kraft-kombinere-kinematikk-dynamikk","ferdighet","Krefter","Kombinere kinematikk og dynamikk","Eleven kan utlede kraften eller akselerasjonen til et legeme fra en gitt bevegelsesfunksjon ved hjelp av Newtons 2. lov, eller omvendt utlede bevegelsen fra kjente krefter.","kraft-newtons-2-lov-enkeltlegeme;bev-tolke-koeffisienter-bevegelsesfunksjon","",""
"kraft-numerisk-modell-friksjon-luftmotstand","ferdighet","Krefter","Modellere friksjon og luftmotstand numerisk","Eleven kan skrive eller utvide et program som modellerer bevegelse med friksjon og/eller luftmotstand som varierer med farten, og tolke resultatene.","kraft-luftmotstandsberegninger;prog-numerisk-modellering-varierende-storrelse","",""
"kraft-teste-luftmotstandsmodell-mot-data","ferdighet","Krefter","Teste en luftmotstandsmodell mot data","Eleven kan bruke måle- eller videodata til å teste om luftmotstanden på et fallende legeme følger L=kv eller L=kv², ved å justere k til modellen passer med observasjonene.","kraft-luftmotstandsberegninger;prog-regresjon-funksjonsuttrykk","",""
"kraft-vurdere-pastand-med-newtons-lover","ferdighet","Krefter","Vurdere påstander med Newtons lover","Eleven kan forklare og vurdere en fysisk påstand ved hjelp av Newtons lover, friksjon eller luftmotstand som begrunnelse, og identifisere kraft-motkraftpar i en konkret situasjon.","kraft-newtons-1-lov;kraft-newtons-3-lov;kraft-friksjon;kraft-luftmotstand-terminalfart","","Legg fram en påstand eleven må ta stilling til og begrunne fysisk (f.eks. om en heis, et tau eller en bakke), ikke bare be om en ren utregning."
"energi-kinetisk","begrep","Mekanisk energi","Kinetisk energi","Eleven kan forklare hva kinetisk energi er, og at den avhenger av massen og farten i andre potens.","","",""
"energi-potensiell","begrep","Mekanisk energi","Potensiell energi","Eleven kan forklare hva potensiell energi er, at den krever et valgt nullnivå, og at valget av nullnivå ikke påvirker fysiske størrelser som fartsendring eller energitap.","","",""
"energi-mekanisk-sum","begrep","Mekanisk energi","Mekanisk energi","Eleven kan forklare at mekanisk energi er summen av kinetisk og potensiell energi for et system.","energi-kinetisk;energi-potensiell","",""
"energi-arbeid","begrep","Mekanisk energi","Arbeid","Eleven kan forklare at arbeid er energioverføring ved at en kraft virker langs en forflytning, og at vinkelen mellom kraft og bevegelse avgjør om arbeidet er positivt, negativt eller null.","energi-kinetisk","",""
"energi-arbeid-energi-setningen","begrep","Mekanisk energi","Arbeid-energi-setningen","Eleven kan forklare sammenhengen mellom nettoarbeidet på et legeme og endringen i dets kinetiske energi.","energi-arbeid","",""
"energi-bevaring-mekanisk","begrep","Mekanisk energi","Bevaring av mekanisk energi","Eleven kan forklare når mekanisk energi er bevart (kun konservative krefter gjør arbeid), og at friksjon og luftmotstand fører til at mekanisk energi omdannes til andre energiformer.","energi-mekanisk-sum;energi-arbeid;energi-konservativ-kraft","",""
"energi-effekt-virkningsgrad","begrep","Mekanisk energi","Effekt og virkningsgrad","Eleven kan forklare hva effekt er (energioverføring per tid), og hva virkningsgrad betyr som andelen av tilført energi eller effekt som blir nyttig.","energi-arbeid","",""
"energi-elastisk-fjaer","begrep","Mekanisk energi","Elastisk potensiell energi","Eleven kan forklare at en sammenpresset eller uttøyd fjær lagrer elastisk potensiell energi, og at denne avhenger av utslaget i andre potens.","energi-potensiell","",""
"energi-beregne-kinetisk-potensiell","ferdighet","Mekanisk energi","Beregne kinetisk og potensiell energi","Eleven kan beregne kinetisk og potensiell energi for et legeme, med et bevisst og tydelig valgt nullnivå for potensiell energi.","energi-kinetisk;energi-potensiell","",""
"energi-bevaring-finne-fart-hoyde","ferdighet","Mekanisk energi","Bruke energibevaring til å finne fart eller høyde","Eleven kan bruke bevaring av mekanisk energi til å finne en ukjent fart eller høyde i situasjoner som fritt fall, skråplan, pendel eller kast, og sammenligne denne metoden med å bruke bevegelseslikningene.","energi-bevaring-mekanisk;energi-beregne-kinetisk-potensiell","",""
"energi-arbeid-kraft-forflytning","ferdighet","Mekanisk energi","Beregne arbeid fra kraft og forflytning","Eleven kan beregne arbeidet utført av en kraft gitt kraften, forflytningen og vinkelen mellom dem, og koble dette til endringen i kinetisk energi.","energi-arbeid;energi-arbeid-energi-setningen","",""
"energi-energitap-friksjonsarbeid","ferdighet","Mekanisk energi","Beregne energitap og friksjonsarbeid","Eleven kan finne tapt mekanisk energi ved å sammenligne energien før og etter en bevegelse, og bruke dette til å regne ut friksjonskraft, friksjonstall eller manglende arbeid.","energi-bevaring-mekanisk;kraft-friksjonsberegninger","",""
"energi-effekt-virkningsgrad-beregninger","ferdighet","Mekanisk energi","Beregne effekt og virkningsgrad","Eleven kan beregne effekt fra energi eller arbeid og tid, regne om mellom energienheter, og sette opp virkningsgradberegninger, for eksempel for et kraftverk.","energi-effekt-virkningsgrad","",""
"energi-fjaerenergiberegninger","ferdighet","Mekanisk energi","Beregne energi lagret i en fjær","Eleven kan bestemme fjærkonstanten til en fjær eller finne utskytningsfarten til et legeme, ut fra energien som er lagret i en sammenpresset eller uttøyd fjær.","energi-elastisk-fjaer;energi-bevaring-finne-fart-hoyde","",""
"energi-vurdere-om-energi-er-bevart","ferdighet","Mekanisk energi","Vurdere om mekanisk energi er bevart","Eleven kan vurdere og begrunne om mekanisk energi er bevart i en gitt situasjon ut fra hvilke krefter som virker, og forklare sammenhengen mellom arbeid, kinetisk og potensiell energi med egne ord.","energi-bevaring-mekanisk","",""
"mengde-bevegelsesmengde","begrep","Bevegelsesmengde","Bevegelsesmengde","Eleven kan forklare at bevegelsesmengde er produktet av masse og fart, og at den er en vektorstørrelse.","krefter-vektor-generelt","",""
"mengde-newtons-2-lov-impulsform","begrep","Bevegelsesmengde","Newtons 2. lov på impulsform","Eleven kan forklare Newtons 2. lov uttrykt som sammenhengen mellom kraftsum og endring i bevegelsesmengde per tid (impuls).","mengde-bevegelsesmengde;kraft-newtons-2-lov","",""
"mengde-bevaring","begrep","Bevegelsesmengde","Bevaring av bevegelsesmengde","Eleven kan forklare at total bevegelsesmengde i et isolert system er den samme før og etter et støt eller en eksplosjon.","mengde-bevegelsesmengde;mengde-isolert-system","",""
"mengde-elastisk-uelastisk-stot","begrep","Bevegelsesmengde","Elastisk og uelastisk støt","Eleven kan skille mellom elastisk støt (kinetisk energi bevart), uelastisk støt (kinetisk energi minker) og fullstendig uelastisk støt (legemene får felles fart etter støtet).","mengde-bevaring","",""
"mengde-beregne-bevegelsesmengde","ferdighet","Bevegelsesmengde","Beregne bevegelsesmengde","Eleven kan beregne bevegelsesmengden til ett eller flere legemer, eventuelt som funksjon av tid.","mengde-bevegelsesmengde","",""
"mengde-impuls-kraft-beregninger","ferdighet","Bevegelsesmengde","Beregne kraft fra impuls","Eleven kan finne den gjennomsnittlige kraften som virker i et støt eller en oppbremsing, ut fra endringen i bevegelsesmengde over et tidsintervall.","mengde-newtons-2-lov-impulsform;mengde-beregne-bevegelsesmengde","",""
"mengde-lose-kollisjoner-bevaring","ferdighet","Bevegelsesmengde","Løse enkle kollisjoner","Eleven kan løse en endimensjonal kollisjon med bevaring av bevegelsesmengde for å finne en ukjent fart før eller etter støtet.","mengde-bevaring;mengde-beregne-bevegelsesmengde","",""
"mengde-klassifisere-stot-energiomdanning","ferdighet","Bevegelsesmengde","Klassifisere støt og beregne energiomdanning","Eleven kan avgjøre om et støt er elastisk, uelastisk eller fullstendig uelastisk ut fra oppgitte farter, og beregne hvor mye kinetisk energi som omdannes i et uelastisk støt.","mengde-elastisk-uelastisk-stot;mengde-lose-kollisjoner-bevaring;energi-kinetisk","",""
"mengde-elastisk-stot-to-ukjente","ferdighet","Bevegelsesmengde","Løse elastisk støt med to ukjente","Eleven kan kombinere bevaring av bevegelsesmengde og kinetisk energi til å løse for to ukjente sluttfarter i et elastisk støt.","mengde-klassifisere-stot-energiomdanning","",""
"mengde-sammensatt-stot-og-energibevaring","ferdighet","Bevegelsesmengde","Kombinere støt og energibevaring","Eleven kan kombinere et fullstendig uelastisk støt med etterfølgende bevaring av mekanisk energi (som i en ballistisk pendel) til å finne en initialfart.","mengde-klassifisere-stot-energiomdanning;energi-bevaring-finne-fart-hoyde","",""
"mengde-eksplosjons-fraskyvningsproblemer","ferdighet","Bevegelsesmengde","Løse eksplosjons- og fraskyvningsproblemer","Eleven kan bruke bevaring av bevegelsesmengde på situasjoner der to legemer i ro dyttes fra hverandre, også når ekstra energi tilføres systemet.","mengde-bevaring;mengde-beregne-bevegelsesmengde","",""
"mengde-forklare-fenomener","ferdighet","Bevegelsesmengde","Forklare fenomener med bevegelsesmengde","Eleven kan forklare hverdagsfenomener som rekyl, kollisjonsputer og hvorfor man bøyer knærne ved landing, ved hjelp av bevegelsesmengde, og vurdere sikkerhet eller design begrunnet i fysikk.","mengde-bevaring","",""
"termo-temperatur-indre-energi","begrep","Termofysikk","Temperatur og indre energi","Eleven kan forklare at temperatur er et mål på gjennomsnittlig kinetisk energi til molekylene i et stoff, og hva indre energi er.","","",""
"termo-varme-varmekapasitet","begrep","Termofysikk","Varme og varmekapasitet","Eleven kan forklare at varme er energioverføring drevet av temperaturforskjell, og hva spesifikk varmekapasitet betyr.","termo-temperatur-indre-energi","",""
"termo-latent-varme","begrep","Termofysikk","Latent varme og faseoverganger","Eleven kan forklare at faseoverganger som smelting og fordampning krever eller frigjør energi ved konstant temperatur, kalt latent varme.","termo-temperatur-indre-energi","",""
"termo-1-lov","begrep","Termofysikk","Termofysikkens 1. lov","Eleven kan gjøre rede for termofysikkens 1. lov: at endringen i indre energi i et system er summen av tilført varme og utført arbeid.","termo-temperatur-indre-energi;energi-arbeid","",""
"termo-2-lov-entropi","begrep","Termofysikk","Termofysikkens 2. lov og entropi","Eleven kan forklare at varme spontant går fra varmt til kaldt, og hva entropi er som et mål på uorden som øker i spontane prosesser.","termo-1-lov","",""
"termo-temperaturomregning","ferdighet","Termofysikk","Regne om mellom celsius og kelvin","Eleven kan regne om mellom celsiusgrader og kelvin.","termo-temperatur-indre-energi","",""
"termo-varmekapasitetsberegninger","ferdighet","Termofysikk","Beregne varmekapasitet","Eleven kan regne ut energi, temperaturendring eller ukjent spesifikk varmekapasitet, inkludert i situasjoner der to stoffer utveksler varme til de når felles temperatur.","termo-varme-varmekapasitet;termo-temperaturomregning","",""
"termo-latent-varme-beregninger","ferdighet","Termofysikk","Beregne latent varme","Eleven kan beregne energien som trengs for en faseovergang, alene eller i en sammenhengende beregning som kombinerer oppvarming og faseovergang i flere steg.","termo-latent-varme;termo-varmekapasitetsberegninger","",""
"termo-anvende-1-lov","ferdighet","Termofysikk","Anvende termofysikkens 1. lov","Eleven kan identifisere fortegn og størrelse på tilført varme, utført arbeid og endring i indre energi for en gitt prosess, som kompresjon, forbrenning eller ekspansjon.","termo-1-lov","",""
"termo-virkningsgrad","ferdighet","Termofysikk","Beregne virkningsgrad i termiske prosesser","Eleven kan sette opp og beregne virkningsgraden til en termisk prosess eller maskin.","termo-1-lov;energi-effekt-virkningsgrad-beregninger","",""
"termo-sammensatt-overslagsberegning","ferdighet","Termofysikk","Kombinere flere varmeberegninger i én oppgave","Eleven kan kombinere effekt, tid, varmekapasitet og latent varme i én sammenhengende beregning i et praktisk scenario.","termo-varmekapasitetsberegninger;termo-latent-varme-beregninger","",""
"termo-forklare-og-drofte","ferdighet","Termofysikk","Forklare og drøfte termofysikk","Eleven kan forklare på molekylnivå hva som skjer ved oppvarming, kompresjon eller ekspansjon, begrunne hvorfor varme ikke går spontant fra kaldt til varmt, og drøfte og sammenligne løsninger ut fra termofysikkens lover og et bærekraftsperspektiv.","termo-2-lov-entropi;termo-anvende-1-lov","",""
"elektro-grunnstorrelser","begrep","Elektrisitet","Ladning, strøm, spenning og resistans","Eleven kan definere ladning, strøm, spenning og resistans, og forklare hvordan de fire størrelsene henger sammen.","","",""
"elektro-ohms-lov","begrep","Elektrisitet","Ohms lov","Eleven kan gjøre rede for Ohms lov, og forklare hva som kjennetegner en ohmsk komponent til forskjell fra en ikke-ohmsk komponent.","elektro-grunnstorrelser","",""
"elektro-kirchhoffs-lover","begrep","Elektrisitet","Kirchhoffs lover","Eleven kan gjøre rede for Kirchhoffs 1. lov (strøm inn i et forgreiningspunkt er lik strøm ut) og Kirchhoffs 2. lov (summen av spenningsfall i en lukket masje er lik spenningen fra kilden).","elektro-grunnstorrelser","",""
"elektro-seriekopling","begrep","Elektrisitet","Seriekopling","Eleven kan forklare at komponenter i serie har samme strøm gjennom seg, mens spenningen fordeles mellom dem.","elektro-grunnstorrelser","",""
"elektro-parallellkopling","begrep","Elektrisitet","Parallellkopling","Eleven kan forklare at komponenter i parallell har samme spenning over seg, mens strømmen fordeles mellom dem.","elektro-grunnstorrelser","",""
"elektro-energi-effekt","begrep","Elektrisitet","Elektrisk energi og effekt","Eleven kan gjøre rede for sammenhengen mellom elektrisk arbeid, effekt, tid og de elektriske grunnstørrelsene, uttrykt på flere ekvivalente måter.","elektro-ohms-lov","",""
"elektro-resistivitet-effekttap","begrep","Elektrisitet","Resistivitet og effekttap ved overføring","Eleven kan forklare hvordan lengde, tverrsnitt og materiale i en leder påvirker resistansen, og hvorfor elektrisk energi overføres med høy spenning og lav strøm for å redusere effekttap.","elektro-ohms-lov","",""
"elektro-maleinstrumenter","begrep","Elektrisitet","Måleinstrumenter i en krets","Eleven kan forklare hvorfor et voltmeter koples parallelt med høy indre resistans, og et amperemeter koples i serie med lav indre resistans, slik at målingen ikke forstyrrer kretsen.","elektro-seriekopling;elektro-parallellkopling","",""
"elektro-ohms-lov-beregning","ferdighet","Elektrisitet","Regne med Ohms lov","Eleven kan regne ut spenning, strøm eller resistans i en enkel krets når de to andre størrelsene er kjent.","elektro-ohms-lov","",""
"elektro-totalresistans-serie","ferdighet","Elektrisitet","Beregne totalresistans i seriekrets","Eleven kan beregne og utlede samlet resistans når motstander står i serie.","elektro-seriekopling;elektro-ohms-lov-beregning","",""
"elektro-totalresistans-parallell","ferdighet","Elektrisitet","Beregne totalresistans i parallellkrets","Eleven kan beregne og utlede samlet resistans når motstander står i parallell, inkludert i kretser som kombinerer serie- og parallellkoplinger.","elektro-parallellkopling;elektro-ohms-lov-beregning","",""
"elektro-kirchhoffs-lover-anvendelse","ferdighet","Elektrisitet","Anvende Kirchhoffs lover","Eleven kan finne en ukjent gren- eller hovedstrøm, eller en ukjent spenning, i en sammensatt krets ved å bruke Kirchhoffs 1. og 2. lov.","elektro-kirchhoffs-lover;elektro-totalresistans-serie;elektro-totalresistans-parallell","",""
"elektro-effekt-energiberegning-krets","ferdighet","Elektrisitet","Beregne effekt og energi i kretser","Eleven kan regne ut effekt og elektrisk arbeid i enkeltkomponenter og hele kretser, og regne om mellom energienheter som joule, wattimer og kilowattimer.","elektro-energi-effekt","",""
"elektro-ladningstransport","ferdighet","Elektrisitet","Beregne ladning som passerer et punkt","Eleven kan regne ut hvor mye ladning, eller hvor mange elektroner, som har passert et punkt i en krets gitt strøm og tid.","elektro-grunnstorrelser","",""
"elektro-analysere-maledata-resistans","ferdighet","Elektrisitet","Analysere måledata for resistans","Eleven kan plotte spenning mot strøm fra måledata, bruke stigningstallet til å bestemme resistansen, og vurdere om komponenten er ohmsk.","elektro-ohms-lov-beregning;prog-regresjon-funksjonsuttrykk","",""
"elektro-utlede-kretsformler","ferdighet","Elektrisitet","Utlede generelle kretsformler","Eleven kan utlede et generelt uttrykk for total resistans eller effekt for n like motstander i serie eller parallell, ut fra Kirchhoffs og Ohms lov.","elektro-totalresistans-serie;elektro-totalresistans-parallell","",""
"elektro-vurdere-og-forklare-kretser","ferdighet","Elektrisitet","Vurdere og forklare kretser","Eleven kan sammenligne hvordan ulike koplinger påvirker resistans, strøm og spenning, og forklare praktiske fenomener som sikringer og effekttap i ledninger, med Ohms og Kirchhoffs lover som begrunnelse.","elektro-totalresistans-serie;elektro-totalresistans-parallell;elektro-resistivitet-effekttap","",""
"atom-tidlige-modeller","begrep","Atommodeller","Daltons atommodell","Eleven kan gjøre rede for opprinnelsen til atombegrepet og Daltons modell av atomet som en udelelig, massiv kule.","","",""
"atom-thomsons-modell","begrep","Atommodeller","Thomsons atommodell","Eleven kan gjøre rede for Thomsons «rosinbolle»-modell, med elektroner inni en diffus positiv masse.","atom-tidlige-modeller","",""
"atom-rutherfords-modell","begrep","Atommodeller","Rutherfords atommodell og spredningsforsøket","Eleven kan gjøre rede for Rutherfords atommodell med en liten, kompakt positiv kjerne omgitt av mest tomrom, og forklare hvordan spredningsforsøket ga resultater som motsa Thomsons modell.","atom-thomsons-modell","",""
"atom-kjernens-bestanddeler","begrep","Atommodeller","Atomkjernens bestanddeler","Eleven kan gjøre rede for at atomkjernen består av protoner og nøytroner, og kjenner deres grunnleggende egenskaper.","atom-rutherfords-modell","",""
"atom-rutherford-stabilitetsproblem","begrep","Atommodeller","Rutherford-modellens stabilitetsproblem","Eleven kan forklare hvorfor Rutherfords modell ikke kan forklare hvorfor atomer er stabile, siden en akselerert ladning klassisk sett skulle stråle ut energi.","atom-rutherfords-modell","",""
"atom-foton","begrep","Atommodeller","Foton og lys som partikkel","Eleven kan forklare sammenhengen mellom fotonenergi, frekvens og bølgelengde, og hvorfor lys noen ganger må beskrives som partikler.","","",""
"atom-bohrs-postulater","begrep","Atommodeller","Bohrs postulater og energinivåer","Eleven kan gjøre rede for Bohrs postulater om kvantiserte, stabile elektronbaner, og hvordan overgang mellom baner skjer ved absorpsjon eller utsending av et foton med bestemt energi.","atom-rutherford-stabilitetsproblem;atom-foton","",""
"atom-emisjon-absorpsjonsspektre","begrep","Atommodeller","Emisjons- og absorpsjonsspektre","Eleven kan forklare hvordan et emisjonsspekter og et absorpsjonsspekter oppstår, og hvorfor de er unike for hvert grunnstoff.","atom-bohrs-postulater","",""
"atom-schrodinger-heisenberg","begrep","Atommodeller","Schrödingers atommodell og Heisenbergs uskarphetsrelasjon","Eleven kan gjøre rede for hovedtrekkene i Schrödingers elektronskymodell med orbitaler som sannsynlighetsfordelinger, og forklare hva Heisenbergs uskarphetsrelasjon sier.","atom-bohrs-postulater","",""
"atom-molekylare-energiniva","begrep","Atommodeller","Molekylære energinivåer","Eleven kan forklare at molekyler i tillegg til elektronoverganger har rotasjons- og vibrasjonsnivåer, typisk med mindre energiskala.","atom-bohrs-postulater","",""
"atom-fotonenergi-bolgelengde-frekvens","ferdighet","Atommodeller","Regne med fotonenergi, bølgelengde og frekvens","Eleven kan regne om mellom energi, frekvens og bølgelengde til et foton, og avgjøre hvilken del av det elektromagnetiske spekteret det tilhører.","atom-foton;atom-bolgelengde-frekvens-spekter","",""
"atom-energiniva-hydrogen","ferdighet","Atommodeller","Beregne energinivå i hydrogen","Eleven kan beregne energien til et gitt banenummer n i hydrogenatomet, eller finne n fra en oppgitt energi.","atom-bohrs-postulater","",""
"atom-foton-fra-elektronovergang","ferdighet","Atommodeller","Finne foton fra en elektronovergang","Eleven kan finne energi, frekvens og bølgelengde til fotonet som absorberes eller sendes ut ved en overgang mellom to energinivåer i hydrogen, og avgjøre om det er absorpsjon eller emisjon.","atom-energiniva-hydrogen;atom-fotonenergi-bolgelengde-frekvens;atom-bolgelengde-frekvens-spekter","",""
"atom-identifisere-overgang-fra-bolgelengde","ferdighet","Atommodeller","Identifisere overgang fra bølgelengde","Eleven kan gå motsatt vei fra en oppgitt bølgelengde til å finne hvilke to energinivåer en overgang skjedde mellom.","atom-foton-fra-elektronovergang","",""
"atom-flertrinnsoverganger","ferdighet","Atommodeller","Beregne energi i flertrinnsoverganger","Eleven kan beregne energien i hvert delsteg av en trinnvis elektronovergang og vise at summen tilsvarer energien i en direkte overgang.","atom-foton-fra-elektronovergang","",""
"atom-ioniseringsenergi","ferdighet","Atommodeller","Beregne ioniseringsenergi","Eleven kan beregne energien, frekvensen eller bølgelengden som trengs for å ionisere et atom fra grunntilstanden.","atom-energiniva-hydrogen;atom-grunntilstand-eksitert-tilstand","",""
"atom-analysere-spektrallinjer-andre-stoffer","ferdighet","Atommodeller","Analysere spektrallinjer for andre stoffer","Eleven kan finne energidifferanser fra oppgitte bølgelengder for andre grunnstoffer eller molekyler enn hydrogen, uten å bruke en formel som kun gjelder hydrogen.","atom-foton-fra-elektronovergang;atom-molekylare-energiniva","",""
"atom-forklare-observasjoner-stotter-modell","ferdighet","Atommodeller","Forklare hvordan observasjoner støtter eller utfordrer atommodeller","Eleven kan forklare hvordan konkrete eksperimentelle funn, som spredningsforsøket eller spektrallinjer, bekrefter eller motbeviser en gitt atommodell, sammenligne ulike atommodeller, og drøfte dem som forenklinger med ulikt gyldighetsområde.","atom-rutherfords-modell;atom-rutherford-stabilitetsproblem;atom-emisjon-absorpsjonsspektre;atom-schrodinger-heisenberg","","Dette svarer direkte til kompetansemålet om å beskrive ulike atommodeller og drøfte hvordan observerbare effekter støtter eller utfordrer dem - be gjerne eleven argumentere for og imot flere modeller ut fra samme observasjon."
"straling-sortlegeme-wien","begrep","Stråling og klima","Sortlegemestråling og Wiens lov","Eleven kan forklare at temperaturen til et legeme bestemmer intensiteten og fargesammensetningen på strålingen det sender ut, og kjenner Wiens forskyvningslov.","atom-bolgelengde-frekvens-spekter","",""
"straling-stefan-boltzmann","begrep","Stråling og klima","Stefan-Boltzmanns lov","Eleven kan gjøre rede for Stefan-Boltzmanns lov, som knytter temperaturen til en overflate til den totale utstrålte effekten per areal.","straling-sortlegeme-wien","",""
"straling-innstralingstetthet","begrep","Stråling og klima","Innstrålingstetthet og avstandsloven","Eleven kan forklare hvordan strålingstettheten fra en kilde avtar med kvadratet av avstanden til kilden.","straling-stefan-boltzmann","",""
"straling-albedo","begrep","Stråling og klima","Albedo","Eleven kan forklare hva albedo er, og hvordan overflater som snø, is og skyer påvirker hvor mye innstråling som reflekteres.","straling-innstralingstetthet","",""
"straling-drivhuseffekten","begrep","Stråling og klima","Drivhuseffekten","Eleven kan forklare hvordan atmosfæren absorberer og sender tilbake langbølget stråling fra jordoverflaten, med en netto oppvarmende virkning.","straling-innstralingstetthet;straling-kortbolget-langbolget","",""
"straling-ettlagsmodellen","begrep","Stråling og klima","Ettlagsmodellen for jordas energibalanse","Eleven kan gjøre rede for hvordan ettlagsmodellen kobler solinnstråling, albedo og emissivitet til likevektstemperaturer for jordoverflaten og atmosfæren, og kjenner modellens gyldighetsområde og svakheter.","straling-albedo;straling-drivhuseffekten;straling-emissivitet","",""
"straling-tilbakekoplingsmekanismer","begrep","Stråling og klima","Tilbakekoplingsmekanismer","Eleven kan forklare hva en positiv eller negativ tilbakekoplingsmekanisme er i klimasystemet, med is-albedo-effekten som eksempel.","straling-ettlagsmodellen","",""
"straling-aerosoler","begrep","Stråling og klima","Aerosoler versus drivhusgasser","Eleven kan forklare forskjellen mellom den kortsiktige klimapåvirkningen fra aerosoler og den mer varige påvirkningen fra drivhusgasser.","straling-drivhuseffekten","",""
"straling-habitabel-sone","begrep","Stråling og klima","Habitabel sone","Eleven kan forklare hvordan avstanden til og temperaturen på en stjerne avgjør om en planet kan ha en overflatetemperatur forenlig med flytende vann.","straling-stefan-boltzmann;straling-innstralingstetthet","",""
"straling-wiens-lov-beregninger","ferdighet","Stråling og klima","Regne med Wiens lov","Eleven kan regne mellom temperatur og bølgelengden med maksimal utstråling for et sortlegeme.","straling-sortlegeme-wien","",""
"straling-stefan-boltzmann-beregninger","ferdighet","Stråling og klima","Regne med Stefan-Boltzmanns lov","Eleven kan beregne utstrålt effekt, temperatur eller radius for en strålende overflate, som en planet eller en stjerne.","straling-stefan-boltzmann","",""
"straling-innstralingstetthet-pa-avstand","ferdighet","Stråling og klima","Beregne innstrålingstetthet på avstand","Eleven kan regne ut strålingstettheten fra en kilde med kjent temperatur og radius ved en gitt avstand.","straling-innstralingstetthet;straling-stefan-boltzmann-beregninger","",""
"straling-lose-ettlagsmodellen","ferdighet","Stråling og klima","Løse ettlagsmodellen","Eleven kan finne temperatur, emissivitet eller albedo i ettlagsmodellen, også for andre himmellegemer eller hypotetiske scenarioer som en tidligere jord.","straling-ettlagsmodellen;straling-stefan-boltzmann-beregninger","",""
"straling-beregne-albedo-fra-data","ferdighet","Stråling og klima","Beregne albedo fra data","Eleven kan beregne albedo fra målte inn- og utstrålingstettheter, og drøfte mulige kilder til avvik mellom målinger.","straling-albedo;straling-innstralingstetthet-pa-avstand","",""
"straling-energiregnskap-store-systemer","ferdighet","Stråling og klima","Sette opp energiregnskap for store systemer","Eleven kan koble en energimengde til temperatur- eller faseendring i store systemer, som issmelting eller havoppvarming, ved hjelp av varmekapasitet og smeltevarme.","termo-varmekapasitetsberegninger;termo-latent-varme-beregninger;straling-ettlagsmodellen","",""
"straling-lese-energistromdiagram","ferdighet","Stråling og klima","Lese jordas energistrømdiagram","Eleven kan lese og bruke et energistrømdiagram for jordas strålingsbalanse, og beregne en ny ubalanse når en eller flere parametere endres.","straling-ettlagsmodellen","",""
"straling-habitabel-sone-beregning","ferdighet","Stråling og klima","Beregne habitabel sone","Eleven kan utlede eller bruke en formel for grensene til en stjernes habitable sone gitt stjernens temperatur og radius.","straling-habitabel-sone;straling-innstralingstetthet-pa-avstand","",""
"straling-drofte-klimamekanismer-og-pastander","ferdighet","Stråling og klima","Drøfte klimamekanismer og klimapåstander","Eleven kan forklare drivhuseffekten med egne ord, vurdere en klimapåstand kritisk, drøfte styrker og svakheter ved ettlagsmodellen, og drøfte klimamekanismer som skyer, aerosoler og tilbakekoplinger.","straling-drivhuseffekten;straling-ettlagsmodellen;straling-tilbakekoplingsmekanismer;straling-aerosoler","","Dette svarer til kompetansemålene om å vurdere endringer i jordas strålingsbalanse og om å vurdere påstander om energi og klima - bruk gjerne konkrete, samfunnsaktuelle påstander eleven må ta stilling til med fysisk begrunnelse."
"kjerne-nuklidenotasjon","begrep","Kjerner og stjerner","Atomkjerne og nuklidenotasjon","Eleven kan forklare hva atomnummer og nukleontall betyr, og kan lese og skrive standard nuklidenotasjon for en isotop.","kjerne-isotop","",""
"kjerne-masse-energi-ekvivalens","begrep","Kjerner og stjerner","Masse-energi-ekvivalens","Eleven kan gjøre rede for at masse er en form for energi, og at masse og energi kan omdannes til hverandre etter E=mc².","kjerne-nuklidenotasjon","",""
"kjerne-bevaringslover-reaksjoner","begrep","Kjerner og stjerner","Bevaringslover i kjernereaksjoner","Eleven kan gjøre rede for hvilke størrelser (energi, bevegelsesmengde, ladning, nukleontall) som må være bevart før og etter en kjernereaksjon.","kjerne-nuklidenotasjon","",""
"kjerne-fusjon-fisjon","begrep","Kjerner og stjerner","Fusjon og fisjon","Eleven kan forklare hva fusjon og fisjon er, og hvorfor begge prosessene kan frigjøre energi.","kjerne-bevaringslover-reaksjoner","",""
"kjerne-bindingsenergi","begrep","Kjerner og stjerner","Bindingsenergi og massedefekt","Eleven kan forklare hvorfor en sammensatt atomkjerne veier mindre enn summen av delene, og hvorfor jern har den mest stabile kjernen per nukleon.","kjerne-masse-energi-ekvivalens;kjerne-fusjon-fisjon","",""
"kjerne-stjerners-energikilde-likevekt","begrep","Kjerner og stjerner","Stjerners energikilde og likevekt","Eleven kan forklare balansen mellom gravitasjon og trykk som holder en stjerne stabil på hovedserien, drevet av fusjon.","kjerne-fusjon-fisjon;kraft-gravitasjonskraft","",""
"kjerne-stjerners-endelikt","begrep","Kjerner og stjerner","Stjerners endelikt etter masse","Eleven kan gjøre rede for hvordan en stjernes masse avgjør om den ender som hvit dverg, nøytronstjerne eller svart hull.","kjerne-stjerners-energikilde-likevekt","",""
"kjerne-nukleosyntese","begrep","Kjerner og stjerner","Nukleosyntese","Eleven kan forklare at grunnstoffer opp til jern dannes ved fusjon i stjerner, mens tyngre grunnstoffer dannes i supernovaer og sammensmeltninger av nøytronstjerner.","kjerne-bindingsenergi;kjerne-stjerners-endelikt","",""
"kjerne-hr-diagrammet","begrep","Kjerner og stjerner","HR-diagrammet","Eleven kan forklare hva HR-diagrammet viser om sammenhengen mellom en stjernes temperatur, utstrålte effekt og type.","kjerne-stjerners-energikilde-likevekt","",""
"kjerne-nuklidenotasjon-skrive","ferdighet","Kjerner og stjerner","Skrive nuklidenotasjon","Eleven kan skrive korrekt nuklidenotasjon (atomnummer og nukleontall) for gitte isotoper eller grunnstoff.","kjerne-nuklidenotasjon","",""
"kjerne-fullfore-reaksjonslikninger","ferdighet","Kjerner og stjerner","Fullføre kjernereaksjonslikninger","Eleven kan sette opp og fullføre en kjernereaksjonslikning ved bruk av bevaringslovene, og vurdere om en foreslått reaksjon er gyldig.","kjerne-bevaringslover-reaksjoner;kjerne-nuklidenotasjon-skrive","",""
"kjerne-beregne-reaksjonsenergi","ferdighet","Kjerner og stjerner","Beregne reaksjonsenergi","Eleven kan beregne energien som frigjøres i fusjon, fisjon eller radioaktivt henfall, ut fra massedefekten i reaksjonen.","kjerne-masse-energi-ekvivalens;kjerne-fullfore-reaksjonslikninger","",""
"kjerne-beregne-bindingsenergi","ferdighet","Kjerner og stjerner","Beregne bindingsenergi","Eleven kan beregne bindingsenergien til en kjerne ut fra differansen mellom summen av enkeltpartiklenes masse og kjernens faktiske masse.","kjerne-bindingsenergi;kjerne-beregne-reaksjonsenergi","",""
"kjerne-stjerneparametre-fra-straling","ferdighet","Kjerner og stjerner","Finne stjerneparametre fra stråling","Eleven kan bruke Wiens lov og Stefan-Boltzmanns lov på en stjerne til å finne temperatur, radius eller avstand, ut fra stjernens stråling.","straling-wiens-lov-beregninger;straling-stefan-boltzmann-beregninger;kjerne-stjerners-energikilde-likevekt","",""
"kjerne-hr-diagram-og-levetid","ferdighet","Kjerner og stjerner","Finne stjernelevetid fra HR-diagrammet","Eleven kan plassere en stjerne i HR-diagrammet, og anslå eller beregne stjernens levetid på hovedserien gitt masse, sammensetning og utstrålt effekt.","kjerne-hr-diagrammet;kjerne-stjerners-energikilde-likevekt","",""
"kjerne-storskala-energiomregning","ferdighet","Kjerner og stjerner","Regne om storskala energimengder","Eleven kan regne om mellom et energiforbruk, en tilsvarende masse, og antall fusjons- eller fisjonsreaksjoner som trengs for å dekke det.","kjerne-beregne-reaksjonsenergi","",""
"kjerne-forklare-grunnstoffdannelse-stjernelivslop","ferdighet","Kjerner og stjerner","Forklare grunnstoffdannelse og stjerners livsløp","Eleven kan forklare hvordan grunnstoffer dannes i stjerner, supernovaer og kollisjoner mellom nøytronstjerner, og gjøre rede for en stjernes livsløp fra dannelse til endelikt avhengig av massen.","kjerne-nukleosyntese;kjerne-stjerners-endelikt","","Dette svarer direkte til kompetansemålet om fusjon og hvordan grunnstoff dannes når stjerner lever, kolliderer og dør - forvent en sammenhengende fortelling/forklaring, ikke bare enkeltfakta."
"kjerne-drofte-kjernekraft-samfunn","ferdighet","Kjerner og stjerner","Drøfte kjernekraft i samfunnet","Eleven kan diskutere fordeler og ulemper ved kjernekraft og fusjonskraft som energikilder i samfunnet.","kjerne-fusjon-fisjon","",""
"samfunn-energikjede","begrep","Energi, klima og samfunn","Energikjede og tap","Eleven kan forklare hvordan energi omdannes trinn for trinn gjennom et system, med tap i hvert ledd.","energi-effekt-virkningsgrad;termo-virkningsgrad","",""
"samfunn-klima-vs-miljo","begrep","Energi, klima og samfunn","Klima versus miljø","Eleven kan forklare forskjellen mellom begrepene klima og miljø, og hvordan de henger sammen.","straling-aerosoler","",""
"samfunn-sette-opp-energikjede","ferdighet","Energi, klima og samfunn","Sette opp en energikjede","Eleven kan sette opp energikjeden for en gitt energiteknologi, som biomasse, vannkraft eller kjernekraft, og forklare tapet i hvert ledd.","samfunn-energikjede","",""
"samfunn-overslagsberegning-energiteknologi","ferdighet","Energi, klima og samfunn","Gjøre en overslagsberegning for en energiteknologi","Eleven kan gjøre en kvantitativ overslagsberegning (av Fermi-type) med realistiske tall for å anslå potensialet til en energiteknologi.","samfunn-sette-opp-energikjede","",""
"samfunn-bruke-offisielle-datakilder","ferdighet","Energi, klima og samfunn","Bruke offisielle datakilder","Eleven kan finne og bruke offisielle datakilder om energi og klima, og sammenligne dem med egne overslagsberegninger.","samfunn-overslagsberegning-energiteknologi","",""
"samfunn-vurdere-energi-klimapastand","ferdighet","Energi, klima og samfunn","Vurdere en energi- eller klimapåstand","Eleven kan vurdere en påstand om energi eller klima strukturert: identifisere relevante faktorer, hente eller beregne data, veie argumenter for og imot, og konkludere med en begrunnelse.","samfunn-bruke-offisielle-datakilder;straling-drofte-klimamekanismer-og-pastander;fag-vurdere-og-lage-modell","","Dette er en sentral, sammensatt sluttferdighet - la gjerne eleven møte en konkret, samfunnsaktuell påstand og be hen resonnere seg gjennom hele vurderingen, ikke bare gi et ferdig svar."
"samfunn-sammenligne-energialternativer","ferdighet","Energi, klima og samfunn","Sammenligne energialternativer","Eleven kan sammenligne to energialternativer kvantitativt, diskutere fordeler og ulemper opp mot hverandre, og trekke en begrunnet konklusjon.","samfunn-vurdere-energi-klimapastand","",""
"samfunn-kildekritikk","ferdighet","Energi, klima og samfunn","Utøve kildekritikk om energi og klima","Eleven kan utøve kildekritikk ved søk om energi- og klimaspørsmål, gjenkjenne interessekonflikt eller vinkling i en kilde, og vurdere ladede begreper som «grønnvasking» opp mot et tallgrunnlag.","samfunn-bruke-offisielle-datakilder","",""
"samfunn-planlegge-fysikkutforskning","ferdighet","Energi, klima og samfunn","Planlegge en fysikkutforskning","Eleven kan planlegge, gjennomføre og presentere en større utforskende oppgave i fysikk, som et forsøk, en modell eller en datainnhenting, og kombinere flere ferdigheter fra faget.","fag-planlegge-forsok;fag-trekke-konklusjoner-fra-data;fag-vurdere-og-lage-modell;samfunn-vurdere-energi-klimapastand","","Dette er en avsluttende, sammensatt ferdighet som gjerne trekker på flere andre deler av ferdighetstreet - be eleven skissere et helt undersøkelsesopplegg, ikke bare ett enkelt steg."
"mengde-isolert-system","begrep","Bevegelsesmengde","Isolert system","Eleven vet at et isolert system er et system uten ytre krefter som virker på det, og at dette er forutsetningen for at bevaringslover, som bevaring av bevegelsesmengde, skal gjelde.","","",""
"energi-konservativ-kraft","begrep","Mekanisk energi","Konservativ kraft","Eleven vet at en konservativ kraft er en kraft der arbeidet bare avhenger av start- og sluttposisjon og ikke av veien imellom, og at mekanisk energi nettopp er bevart når bare konservative krefter gjør arbeid.","","",""
"kraft-normalkraft","begrep","Krefter","Normalkraft","Eleven vet at normalkraften er kraften en flate utøver vinkelrett på seg selv på et legeme som ligger på eller presses mot flaten.","","",""
"kjerne-isotop","begrep","Kjerner og stjerner","Isotop","Eleven vet at isotoper er atomer av samme grunnstoff med ulikt antall nøytroner.","","",""
"atom-bolgelengde-frekvens-spekter","begrep","Atommodeller","Bølgelengde, frekvens og elektromagnetisk spekter","Eleven vet at bølgelengde og frekvens beskriver elektromagnetisk stråling og henger sammen gjennom c=λf, og at det elektromagnetiske spekteret er hele området av bølgelengder og frekvenser fra radiobølger til gammastråling.","","",""
"straling-emissivitet","begrep","Stråling og klima","Emissivitet","Eleven vet at emissivitet er et tall mellom 0 og 1 som beskriver hvor effektivt en overflate stråler ut energi sammenlignet med et ideelt sortlegeme ved samme temperatur.","","",""
"krefter-vektor-generelt","begrep","Krefter","Vektor","Eleven vet at en vektor er en størrelse som har både størrelse og retning, i motsetning til en skalar som bare har størrelse.","","",""
"atom-grunntilstand-eksitert-tilstand","begrep","Atommodeller","Grunntilstand og eksitert tilstand","Eleven vet at grunntilstanden er den laveste energitilstanden til et atom, og at en eksitert tilstand er enhver tilstand med høyere energi som et elektron kan eksiteres til.","","",""
"kraft-snordrag-trinse","begrep","Krefter","Snordrag og trinse","Eleven vet at snordrag er strekkraften som overføres gjennom en snor eller et tau mellom to legemer, og at en trinse er et ideelt, friksjonsfritt og masseløst hjul som endrer retningen på snordraget uten å endre størrelsen.","","",""
"straling-kortbolget-langbolget","begrep","Stråling og klima","Kortbølget og langbølget stråling","Eleven vet at sola i hovedsak sender ut kortbølget stråling (synlig lys og UV), mens jorda stråler ut langbølget stråling (infrarødt), og at denne asymmetrien er selve mekanismen bak drivhuseffekten.","atom-bolgelengde-frekvens-spekter","",""
